{
  "id": "redox_updated",
  "title": {
    "en": "The Redox changed"
  },
  "args": [
    {
      "type": "device",
      "name": "device",
      "filter": "driver_id=wifipool"
    }
  ],
  "tokens": [
    {
      "name": "redox",
      "type": "number",
      "title": {
        "en": "Redox (mV)",
        "nl": "Redox (mV)",
        "da": "Redox (mV)",
        "de": "Redox (mV)",
        "es": "Redox (mV)",
        "fr": "Redox (mV)",
        "it": "Redox (mV)",
        "no": "Redoks (mV)",
        "sv": "Redox (mV)",
        "pl": "Redoks (mV)",
        "ru": "Редокс (мВ)",
        "ko": "산화 환원 전위 (mV)"
      }
    }
  ]
}