{
  "id": "The ph_updated",
  "title": {
    "en": "pH changed"
  },
  "args": [
    {
      "type": "device",
      "name": "device",
      "filter": "driver_id=wifipool"
    }
  ],
  "tokens": [
    {
      "name": "ph",
      "type": "number",
      "title": {
        "en": "pH",
        "nl": "pH",
        "da": "pH",
        "de": "pH",
        "es": "pH",
        "fr": "pH",
        "it": "pH",
        "no": "pH",
        "sv": "pH",
        "pl": "pH",
        "ru": "pH",
        "ko": "pH"
      }
    }
  ]
}