{
  "id": "wifipool",
  "name": {
    "en": "WiFi Pool Sensor"
  },
  "class": "sensor",
  "capabilities": [
    "measure_temperature",
    "measure_redox",
    "measure_ph",
    "measure_flow",
    "alarm_health"
  ],
  "connectivity": [
    "cloud"
  ],
  "settings": [
    {
      "id": "poll_interval",
      "type": "number",
      "label": {
        "en": "Poll interval (seconds)"
      },
      "hint": {
        "en": "How often to poll WiFiPool for new sensor data."
      },
      "value": 60,
      "attr": {
        "min": 15,
        "step": 5
      }
    }
  ],
  "pair": [
    {
      "id": "list_devices"
    }
  ],
  "images": {
    "small": "/drivers/wifipool/assets/images/small.jpg",
    "large": "/drivers/wifipool/assets/images/large.jpg",
    "xlarge": "/drivers/wifipool/assets/images/xlarge.jpg"
  },
  "platforms": [
    "local",
    "cloud"
  ]
}